policy,estimator,q_rif,probes_per_query,piggyback,servers,clients,load,completed,errors,mean_ms,p50_ms,p90_ms,p99_ms,p999_ms,client_cpu_us_per_req,client_peak_mb,server_cpu_us_per_req,server_peak_mb,probes_sent,probes_answered,probes_timed_out,probes_failed,probes_skipped
P2cLr,Rif,0.6,3,false,20,20,0.7,15835,0,124.4,51.3,302.1,1038.5,1803.2,393.7,35.8,224.9,30.6,0,0,0,0,0
P2cEwma,Rif,0.6,3,false,20,20,0.7,15835,0,67.6,39.4,153.0,441.4,922.4,458.8,35.8,233.8,33.4,0,0,0,0,0
Prequal,Rif,0.6,0,true,20,20,0.7,15835,0,61.3,35.1,141.4,406.3,749.1,465.7,41.0,295.0,46.3,0,0,0,0,0
Prequal,Rif,0.6,0.5,true,20,20,0.7,15838,0,56.6,33.0,128.4,376.6,742.8,766.6,45.2,454.8,51.9,9477,9477,0,0,0
Prequal,Model,0.6,0.5,true,20,20,0.7,16063,0,144.5,45.9,362.8,1427.5,3615.3,847.2,91.3,393.9,102.1,9477,8161,1316,0,0
P2cLr,Rif,0.6,3,false,20,20,0.9,20341,0,210.7,83.2,575.5,1478.7,1927.3,503.1,47.0,270.4,39.3,0,0,0,0,0
P2cEwma,Rif,0.6,3,false,20,20,0.9,20341,0,113.8,65.4,263.8,707.8,1465.4,509.3,41.6,272.7,42.3,0,0,0,0,0
Prequal,Rif,0.6,0,true,20,20,0.9,20342,0,75.2,44.5,167.4,492.7,1013.0,498.5,51.8,240.4,57.6,0,0,0,0,0
Prequal,Rif,0.6,0.5,true,20,20,0.9,20341,0,62.5,37.2,140.5,403.9,772.4,584.6,56.1,328.8,58.2,12174,12113,60,0,0
Prequal,Model,0.6,0.5,true,20,20,0.9,20343,0,62.1,41.6,133.8,343.0,671.8,522.3,60.4,298.8,68.0,12173,12173,0,0,0
P2cLr,Rif,0.6,3,false,20,20,1.05,24254,0,1182.8,988.0,2793.6,4894.2,5754.5,382.7,117.3,261.6,108.0,0,0,0,0,0
P2cEwma,Rif,0.6,3,false,20,20,1.05,23846,0,222.3,145.7,507.4,1091.4,1970.4,467.2,58.3,238.5,56.7,0,0,0,0,0
Prequal,Rif,0.6,0,true,20,20,1.05,23862,0,131.4,84.8,290.1,760.3,1389.1,411.2,65.1,187.3,78.1,0,0,0,0,0
Prequal,Rif,0.6,0.5,true,20,20,1.05,23847,0,79.8,51.7,175.7,478.0,910.9,418.7,66.1,258.8,68.4,14251,14249,2,0,0
Prequal,Model,0.6,0.5,true,20,20,1.05,23847,0,122.2,91.4,245.5,561.0,1012.4,689.3,87.6,279.1,108.9,14253,14042,209,0,0
P2cLr,Rif,0.6,3,false,20,20,0.7,16014,0,185.5,49.4,398.3,1873.3,2020.1,473.2,53.8,219.6,47.3,0,0,0,0,0
P2cEwma,Rif,0.6,3,false,20,20,0.7,16015,0,49.6,32.0,110.0,283.4,533.8,373.7,30.8,186.3,31.7,0,0,0,0,0
Prequal,Rif,0.6,0,true,20,20,0.7,16014,0,53.3,34.1,123.0,280.3,537.8,444.9,43.8,203.9,46.1,0,0,0,0,0
Prequal,Rif,0.6,0.5,true,20,20,0.7,16015,0,49.1,29.9,113.2,284.2,605.0,643.0,51.9,307.3,53.1,9596,9547,49,0,0
Prequal,Model,0.6,0.5,true,20,20,0.7,16014,0,45.7,30.0,102.6,237.7,437.7,605.9,53.4,322.0,58.1,9596,9582,1,0,0
P2cLr,Rif,0.6,3,false,20,20,0.9,20519,0,97.0,55.2,229.2,600.0,1098.0,442.4,45.1,188.8,37.4,0,0,0,0,0
P2cEwma,Rif,0.6,3,false,20,20,0.9,20517,0,63.6,42.2,141.4,348.6,608.0,361.0,37.6,214.0,34.0,0,0,0,0,0
Prequal,Rif,0.6,0,true,20,20,0.9,20517,0,52.7,34.4,118.0,283.8,497.3,433.3,45.3,220.1,52.2,0,0,0,0,0
Prequal,Rif,0.6,0.5,true,20,20,0.9,20517,0,49.4,32.1,112.2,260.0,484.9,647.3,53.4,338.2,55.0,12311,12307,4,0,0
Prequal,Model,0.6,0.5,true,20,20,0.9,20517,0,50.1,35.4,108.6,246.7,463.2,670.9,59.5,338.2,67.0,12311,12300,11,0,0
P2cLr,Rif,0.6,3,false,20,20,1.05,23944,0,783.4,394.2,2092.3,3053.3,3611.4,375.9,125.4,206.9,120.6,0,0,0,0,0
P2cEwma,Rif,0.6,3,false,20,20,1.05,23944,0,107.8,74.8,251.2,475.3,711.4,371.3,51.6,214.0,40.5,0,0,0,0,0
Prequal,Rif,0.6,0,true,20,20,1.05,23944,0,61.9,41.7,134.5,333.4,671.6,466.6,56.3,231.0,60.7,0,0,0,0,0
Prequal,Rif,0.6,0.5,true,20,20,1.05,23944,0,54.8,36.5,123.3,281.5,541.8,713.9,62.4,338.7,63.4,14357,14039,318,0,0
Prequal,Model,0.6,0.5,true,20,20,1.05,23944,0,65.1,48.1,137.5,295.2,467.6,796.1,79.1,323.7,90.2,14357,13249,1107,0,0
