policy,routers,engines,load,rps,completed,errors,ttft_p50_ms,ttft_p99_ms,e2e_p50_ms,e2e_p99_ms,tokens_per_s,workload,stage,stage_rate,concurrency,ttft_p90_ms,prefix_hit_rate
llmd-optimized,1,16,0.018,3.2,1880,0,3189,13925,12189,26599,1094,trace,1,3.19,0,8271,0.1186
llmd-optimized,1,16,0.019,3.4,2012,0,3066,16483,11931,31417,1163,trace,2,3.41,0,9035,0.1242
llmd-optimized,1,16,0.020,3.5,2083,0,2670,13775,11367,33226,1249,trace,3,3.53,0,8289,0.1425
llmd-optimized,1,16,0.020,3.7,2153,0,2702,14109,11272,29284,1224,trace,4,3.65,0,7806,0.1413
llmd-optimized,1,16,0.021,3.7,2189,0,3188,16487,11911,32200,1234,trace,5,3.71,0,9311,0.1300
prequal-x:noheat=1,1,16,0.018,3.2,1880,0,378,5660,6395,20048,1094,trace,1,3.19,0,1714,0.1813
prequal-x:noheat=1,1,16,0.019,3.4,2012,0,347,5299,6297,19367,1163,trace,2,3.41,0,1676,0.1963
prequal-x:noheat=1,1,16,0.020,3.5,2083,0,319,4652,6445,22250,1249,trace,3,3.53,0,1470,0.2012
prequal-x:noheat=1,1,16,0.020,3.7,2153,0,304,4672,6176,18225,1224,trace,4,3.65,0,1463,0.2080
prequal-x:noheat=1,1,16,0.021,3.7,2189,0,305,4805,6216,18220,1234,trace,5,3.71,0,1601,0.2109
prequal-x:ret=1+credit=1+sharedcold=1,1,16,0.018,3.2,1880,0,425,5871,6362,20671,1094,trace,1,3.19,0,1801,0.1791
prequal-x:ret=1+credit=1+sharedcold=1,1,16,0.019,3.4,2012,0,387,5460,6418,19594,1163,trace,2,3.41,0,1749,0.1889
prequal-x:ret=1+credit=1+sharedcold=1,1,16,0.020,3.5,2083,0,367,5061,6520,23657,1249,trace,3,3.53,0,1579,0.1878
prequal-x:ret=1+credit=1+sharedcold=1,1,16,0.020,3.7,2153,0,342,4800,6175,17817,1224,trace,4,3.65,0,1593,0.2053
prequal-x:ret=1+credit=1+sharedcold=1,1,16,0.021,3.7,2189,0,354,5196,6273,18976,1234,trace,5,3.71,0,1767,0.2056
prequal-x:ret=1+credit=1,1,16,0.018,3.2,1880,0,378,5866,6491,20450,1094,trace,1,3.19,0,1731,0.1833
prequal-x:ret=1+credit=1,1,16,0.019,3.4,2012,0,349,5260,6444,19255,1163,trace,2,3.41,0,1712,0.1912
prequal-x:ret=1+credit=1,1,16,0.020,3.5,2083,0,332,5044,6610,22704,1249,trace,3,3.53,0,1546,0.1977
prequal-x:ret=1+credit=1,1,16,0.020,3.7,2153,0,297,4731,6270,17948,1224,trace,4,3.65,0,1513,0.1994
prequal-x:ret=1+credit=1,1,16,0.021,3.7,2189,0,308,4829,6221,18448,1234,trace,5,3.71,0,1669,0.2072
prequal-x:ret=3+credit=1,1,16,0.018,3.2,1880,0,540,6493,6945,21148,1094,trace,1,3.19,0,2345,0.1654
prequal-x:ret=3+credit=1,1,16,0.019,3.4,2012,0,527,6171,7026,20071,1163,trace,2,3.41,0,2480,0.1831
prequal-x:ret=3+credit=1,1,16,0.020,3.5,2083,0,442,6060,6923,23728,1249,trace,3,3.53,0,2132,0.2055
prequal-x:ret=3+credit=1,1,16,0.020,3.7,2153,0,442,6328,6691,18995,1224,trace,4,3.65,0,2120,0.1972
prequal-x:ret=3+credit=1,1,16,0.021,3.7,2189,0,502,6910,6792,19380,1234,trace,5,3.71,0,2423,0.1997
prequal-x:sharedcold=1,1,16,0.018,3.2,1880,0,436,5919,6430,20566,1094,trace,1,3.19,0,1812,0.1751
prequal-x:sharedcold=1,1,16,0.019,3.4,2012,0,403,5321,6355,19132,1163,trace,2,3.41,0,1755,0.1902
prequal-x:sharedcold=1,1,16,0.020,3.5,2083,0,362,4969,6537,22755,1249,trace,3,3.53,0,1570,0.1946
prequal-x:sharedcold=1,1,16,0.020,3.7,2153,0,346,4743,6242,18541,1224,trace,4,3.65,0,1574,0.2071
prequal-x:sharedcold=1,1,16,0.021,3.7,2189,0,343,4926,6168,18814,1234,trace,5,3.71,0,1691,0.1998
prequal,1,16,0.018,3.2,1880,0,371,5660,6388,19591,1094,trace,1,3.19,0,1732,0.1876
prequal,1,16,0.019,3.4,2012,0,340,5132,6342,19179,1163,trace,2,3.41,0,1643,0.1990
prequal,1,16,0.020,3.5,2083,0,313,4970,6494,21430,1249,trace,3,3.53,0,1457,0.1944
prequal,1,16,0.020,3.7,2153,0,295,4672,6121,18796,1224,trace,4,3.65,0,1440,0.2171
prequal,1,16,0.021,3.7,2189,0,307,4805,6291,18872,1234,trace,5,3.71,0,1616,0.2066
