policy,routers,engines,load,rps,completed,errors,ttft_p50_ms,ttft_p99_ms,e2e_p50_ms,e2e_p99_ms,tokens_per_s,workload,stage,stage_rate,concurrency,ttft_p90_ms,prefix_hit_rate,ttft_mean_ms,e2e_mean_ms
prequal,4,10,0.200,4.0,471,0,2,32,1001,1061,3925,shared-prefix,1,4.00,0,31,0.6469,11,1014
prequal,4,10,0.300,6.0,705,0,2,32,1002,1643,5875,shared-prefix,2,6.00,0,31,0.6620,11,1044
prequal,4,10,0.400,8.0,961,0,2,32,1029,1911,8008,shared-prefix,3,8.00,0,31,0.6186,12,1068
prequal,4,10,0.500,10.0,1236,0,3,33,1030,2056,10300,shared-prefix,4,10.00,0,32,0.6114,13,1108
prequal,4,10,0.600,12.0,1417,0,3,34,1031,2468,11808,shared-prefix,5,12.00,0,32,0.5969,13,1198
prequal,4,10,0.700,14.0,1630,0,3,34,1039,2723,13583,shared-prefix,6,14.00,0,32,0.5883,14,1246
prequal,4,10,0.800,16.0,1898,0,4,48,1199,3203,15817,shared-prefix,7,16.00,0,32,0.5637,17,1453
prequal,4,10,0.200,4.0,483,0,2,32,1002,1137,4025,shared-prefix,1,4.00,0,31,0.6700,11,1018
prequal,4,10,0.300,6.0,706,0,2,32,1002,1628,5883,shared-prefix,2,6.00,0,31,0.6683,11,1042
prequal,4,10,0.400,8.0,996,0,2,32,1029,1918,8300,shared-prefix,3,8.00,0,32,0.6105,13,1068
prequal,4,10,0.500,10.0,1218,0,3,32,1030,1970,10150,shared-prefix,4,10.00,0,32,0.5941,13,1129
prequal,4,10,0.600,12.0,1444,0,3,34,1032,2499,12033,shared-prefix,5,12.00,0,32,0.5764,14,1207
prequal,4,10,0.700,14.0,1722,0,3,37,1060,2943,14350,shared-prefix,6,14.00,0,32,0.5687,16,1328
prequal,4,10,0.800,16.0,1881,0,4,46,1160,3254,15675,shared-prefix,7,16.00,0,32,0.5806,17,1465
prequal,4,10,0.200,4.0,484,0,2,32,1002,1323,4033,shared-prefix,1,4.00,0,31,0.6775,10,1020
prequal,4,10,0.300,6.0,682,0,2,32,1020,1893,5683,shared-prefix,2,6.00,0,31,0.6278,12,1045
prequal,4,10,0.400,8.0,956,0,2,32,1017,1700,7967,shared-prefix,3,8.00,0,31,0.6497,12,1063
prequal,4,10,0.500,10.0,1134,0,3,32,1030,2210,9450,shared-prefix,4,10.00,0,32,0.5964,13,1122
prequal,4,10,0.600,12.0,1450,0,3,34,1031,2292,12083,shared-prefix,5,12.00,0,32,0.5881,14,1163
prequal,4,10,0.700,14.0,1625,0,3,36,1059,3151,13542,shared-prefix,6,14.00,0,32,0.5816,15,1280
prequal,4,10,0.800,16.0,1974,0,4,42,1219,3486,16450,shared-prefix,7,16.00,0,32,0.5635,19,1500
prequal,4,10,0.200,4.0,475,0,2,32,1002,1467,3958,shared-prefix,1,4.00,0,30,0.6837,10,1032
prequal,4,10,0.300,6.0,659,0,2,32,1004,1795,5492,shared-prefix,2,6.00,0,31,0.6400,12,1054
prequal,4,10,0.400,8.0,985,0,2,32,1029,1957,8208,shared-prefix,3,8.00,0,32,0.6051,13,1074
prequal,4,10,0.500,10.0,1205,0,3,33,1030,2189,10042,shared-prefix,4,10.00,0,32,0.5965,13,1141
prequal,4,10,0.600,12.0,1482,0,3,33,1032,2748,12350,shared-prefix,5,12.00,0,32,0.5822,14,1232
prequal,4,10,0.700,14.0,1733,0,3,34,1061,2898,14442,shared-prefix,6,14.00,0,32,0.5999,14,1340
prequal,4,10,0.800,16.0,1994,0,5,304,1287,3764,16617,shared-prefix,7,16.00,0,32,0.5548,25,1589
prequal,4,10,0.200,4.0,470,0,2,32,1002,1089,3917,shared-prefix,1,4.00,0,31,0.6786,11,1014
prequal,4,10,0.300,6.0,696,0,2,32,1029,1436,5800,shared-prefix,2,6.00,0,31,0.6358,12,1036
prequal,4,10,0.400,8.0,964,0,2,32,1029,1890,8033,shared-prefix,3,8.00,0,31,0.6494,12,1076
prequal,4,10,0.500,10.0,1227,0,2,32,1030,2066,10225,shared-prefix,4,10.00,0,32,0.6362,12,1099
prequal,4,10,0.600,12.0,1408,0,3,32,1030,2292,11733,shared-prefix,5,12.00,0,32,0.6330,12,1133
prequal,4,10,0.700,14.0,1560,0,3,33,1033,2374,13000,shared-prefix,6,14.00,0,32,0.5886,14,1216
prequal,4,10,0.800,16.0,1832,0,3,34,1125,3191,15267,shared-prefix,7,16.00,0,32,0.5867,15,1410
prequal+oracle-events,4,10,0.200,4.0,471,0,2,32,1001,1087,3925,shared-prefix,1,4.00,0,31,0.6686,11,1014
prequal+oracle-events,4,10,0.300,6.0,705,0,2,32,1002,1604,5875,shared-prefix,2,6.00,0,31,0.6788,11,1042
prequal+oracle-events,4,10,0.400,8.0,961,0,2,32,1029,1960,8008,shared-prefix,3,8.00,0,31,0.6494,12,1081
prequal+oracle-events,4,10,0.500,10.0,1236,0,2,32,1030,2028,10300,shared-prefix,4,10.00,0,32,0.6716,11,1108
prequal+oracle-events,4,10,0.600,12.0,1417,0,2,32,1030,2468,11808,shared-prefix,5,12.00,0,32,0.6659,11,1163
prequal+oracle-events,4,10,0.700,14.0,1630,0,3,34,1032,2949,13583,shared-prefix,6,14.00,0,32,0.6633,13,1277
prequal+oracle-events,4,10,0.800,16.0,1898,0,3,45,1169,3452,15817,shared-prefix,7,16.00,0,32,0.6519,19,1519
prequal+oracle-events,4,10,0.200,4.0,483,0,2,32,1001,1089,4025,shared-prefix,1,4.00,0,31,0.6866,10,1015
prequal+oracle-events,4,10,0.300,6.0,706,0,2,32,1002,1549,5883,shared-prefix,2,6.00,0,31,0.6916,10,1033
prequal+oracle-events,4,10,0.400,8.0,996,0,2,32,1014,2031,8300,shared-prefix,3,8.00,0,31,0.6680,11,1065
prequal+oracle-events,4,10,0.500,10.0,1218,0,2,32,1029,2179,10150,shared-prefix,4,10.00,0,31,0.6585,11,1094
prequal+oracle-events,4,10,0.600,12.0,1444,0,3,33,1031,2457,12033,shared-prefix,5,12.00,0,32,0.6577,12,1174
prequal+oracle-events,4,10,0.700,14.0,1722,0,3,34,1059,3037,14350,shared-prefix,6,14.00,0,32,0.6429,13,1349
prequal+oracle-events,4,10,0.800,16.0,1881,0,3,97,1111,3492,15675,shared-prefix,7,16.00,0,32,0.6637,18,1496
prequal+oracle-events,4,10,0.200,4.0,484,0,2,32,1001,1091,4033,shared-prefix,1,4.00,0,31,0.6889,10,1021
prequal+oracle-events,4,10,0.300,6.0,682,0,2,32,1003,1912,5683,shared-prefix,2,6.00,0,31,0.6596,11,1059
prequal+oracle-events,4,10,0.400,8.0,956,0,2,32,1003,2440,7967,shared-prefix,3,8.00,0,31,0.6914,10,1071
prequal+oracle-events,4,10,0.500,10.0,1134,0,2,32,1029,2386,9450,shared-prefix,4,10.00,0,31,0.6683,11,1130
prequal+oracle-events,4,10,0.600,12.0,1450,0,2,32,1031,2317,12083,shared-prefix,5,12.00,0,32,0.6660,11,1156
prequal+oracle-events,4,10,0.700,14.0,1625,0,3,34,1032,3291,13542,shared-prefix,6,14.00,0,32,0.6482,13,1301
prequal+oracle-events,4,10,0.800,16.0,1974,0,3,39,1182,3339,16450,shared-prefix,7,16.00,0,32,0.6627,14,1464
prequal+oracle-events,4,10,0.200,4.0,475,0,2,32,1001,1764,3958,shared-prefix,1,4.00,0,30,0.7077,10,1038
prequal+oracle-events,4,10,0.300,6.0,659,0,2,32,1002,1788,5492,shared-prefix,2,6.00,0,31,0.6701,11,1053
prequal+oracle-events,4,10,0.400,8.0,985,0,2,32,1029,1963,8208,shared-prefix,3,8.00,0,32,0.6613,11,1075
prequal+oracle-events,4,10,0.500,10.0,1205,0,2,32,1030,2303,10042,shared-prefix,4,10.00,0,32,0.6503,12,1128
prequal+oracle-events,4,10,0.600,12.0,1482,0,3,32,1031,2724,12350,shared-prefix,5,12.00,0,32,0.6528,12,1217
prequal+oracle-events,4,10,0.700,14.0,1733,0,3,34,1058,3251,14442,shared-prefix,6,14.00,0,32,0.6743,14,1331
prequal+oracle-events,4,10,0.800,16.0,1994,0,3,127,1218,3681,16617,shared-prefix,7,16.00,0,32,0.6528,20,1554
prequal+oracle-events,4,10,0.200,4.0,470,0,2,32,1001,1060,3917,shared-prefix,1,4.00,0,30,0.6974,10,1013
prequal+oracle-events,4,10,0.300,6.0,696,0,2,32,1026,1555,5800,shared-prefix,2,6.00,0,31,0.6530,11,1048
prequal+oracle-events,4,10,0.400,8.0,964,0,2,32,1019,1936,8033,shared-prefix,3,8.00,0,31,0.6767,11,1089
prequal+oracle-events,4,10,0.500,10.0,1227,0,2,32,1029,2158,10225,shared-prefix,4,10.00,0,32,0.6756,11,1108
prequal+oracle-events,4,10,0.600,12.0,1408,0,2,32,1031,2454,11733,shared-prefix,5,12.00,0,32,0.6739,11,1169
prequal+oracle-events,4,10,0.700,14.0,1560,0,3,33,1031,2263,13000,shared-prefix,6,14.00,0,32,0.6447,12,1210
prequal+oracle-events,4,10,0.800,16.0,1832,0,3,33,1062,2901,15267,shared-prefix,7,16.00,0,32,0.6587,12,1363
prequal+gossip-100ms,4,10,0.200,4.0,471,0,2,32,1001,1087,3925,shared-prefix,1,4.00,0,31,0.6672,11,1014
prequal+gossip-100ms,4,10,0.300,6.0,705,0,2,32,1002,1604,5875,shared-prefix,2,6.00,0,31,0.6804,11,1043
prequal+gossip-100ms,4,10,0.400,8.0,961,0,2,32,1029,2030,8008,shared-prefix,3,8.00,0,31,0.6502,12,1081
prequal+gossip-100ms,4,10,0.500,10.0,1236,0,2,32,1029,1939,10300,shared-prefix,4,10.00,0,31,0.6746,11,1095
prequal+gossip-100ms,4,10,0.600,12.0,1417,0,2,33,1031,2611,11808,shared-prefix,5,12.00,0,32,0.6553,12,1186
prequal+gossip-100ms,4,10,0.700,14.0,1630,0,3,34,1032,2984,13583,shared-prefix,6,14.00,0,32,0.6683,12,1271
prequal+gossip-100ms,4,10,0.800,16.0,1898,0,3,36,1094,3488,15817,shared-prefix,7,16.00,0,32,0.6596,16,1440
prequal+gossip-100ms,4,10,0.200,4.0,483,0,2,32,1001,1089,4025,shared-prefix,1,4.00,0,31,0.6882,10,1015
prequal+gossip-100ms,4,10,0.300,6.0,706,0,2,32,1002,1540,5883,shared-prefix,2,6.00,0,31,0.6891,10,1040
prequal+gossip-100ms,4,10,0.400,8.0,996,0,2,32,1029,1998,8300,shared-prefix,3,8.00,0,31,0.6601,11,1083
prequal+gossip-100ms,4,10,0.500,10.0,1218,0,2,32,1029,1964,10150,shared-prefix,4,10.00,0,31,0.6641,11,1097
prequal+gossip-100ms,4,10,0.600,12.0,1444,0,3,34,1031,2575,12033,shared-prefix,5,12.00,0,32,0.6433,13,1187
prequal+gossip-100ms,4,10,0.700,14.0,1722,0,3,35,1040,3303,14350,shared-prefix,6,14.00,0,32,0.6504,14,1296
prequal+gossip-100ms,4,10,0.800,16.0,1881,0,3,51,1105,3605,15675,shared-prefix,7,16.00,0,32,0.6711,16,1480
prequal+gossip-100ms,4,10,0.200,4.0,484,0,2,32,1001,1091,4033,shared-prefix,1,4.00,0,31,0.6907,10,1020
prequal+gossip-100ms,4,10,0.300,6.0,682,0,2,32,1005,1912,5683,shared-prefix,2,6.00,0,31,0.6595,11,1059
prequal+gossip-100ms,4,10,0.400,8.0,956,0,2,32,1003,2440,7967,shared-prefix,3,8.00,0,31,0.6914,10,1071
prequal+gossip-100ms,4,10,0.500,10.0,1134,0,2,32,1029,2076,9450,shared-prefix,4,10.00,0,31,0.6736,11,1110
prequal+gossip-100ms,4,10,0.600,12.0,1450,0,2,32,1030,2376,12083,shared-prefix,5,12.00,0,32,0.6673,11,1170
prequal+gossip-100ms,4,10,0.700,14.0,1625,0,3,35,1059,3160,13542,shared-prefix,6,14.00,0,32,0.6470,13,1301
prequal+gossip-100ms,4,10,0.800,16.0,1974,0,3,40,1232,3383,16450,shared-prefix,7,16.00,0,32,0.6716,15,1503
prequal+gossip-100ms,4,10,0.200,4.0,475,0,2,32,1001,1764,3958,shared-prefix,1,4.00,0,30,0.7076,10,1038
prequal+gossip-100ms,4,10,0.300,6.0,659,0,2,32,1002,1685,5492,shared-prefix,2,6.00,0,31,0.6643,11,1051
prequal+gossip-100ms,4,10,0.400,8.0,985,0,2,32,1029,1927,8208,shared-prefix,3,8.00,0,32,0.6652,11,1081
prequal+gossip-100ms,4,10,0.500,10.0,1205,0,2,32,1030,2466,10042,shared-prefix,4,10.00,0,32,0.6548,12,1145
prequal+gossip-100ms,4,10,0.600,12.0,1482,0,3,33,1031,2643,12350,shared-prefix,5,12.00,0,32,0.6562,12,1233
prequal+gossip-100ms,4,10,0.700,14.0,1733,0,3,33,1032,2975,14442,shared-prefix,6,14.00,0,32,0.6837,12,1293
prequal+gossip-100ms,4,10,0.800,16.0,1994,0,3,155,1259,3694,16617,shared-prefix,7,16.00,0,32,0.6552,19,1595
prequal+gossip-100ms,4,10,0.200,4.0,470,0,2,32,1001,1060,3917,shared-prefix,1,4.00,0,30,0.6974,10,1013
prequal+gossip-100ms,4,10,0.300,6.0,696,0,2,32,1026,1555,5800,shared-prefix,2,6.00,0,31,0.6530,11,1048
prequal+gossip-100ms,4,10,0.400,8.0,964,0,2,32,1019,1936,8033,shared-prefix,3,8.00,0,31,0.6782,11,1088
prequal+gossip-100ms,4,10,0.500,10.0,1227,0,2,32,1030,2443,10225,shared-prefix,4,10.00,0,32,0.6738,11,1119
prequal+gossip-100ms,4,10,0.600,12.0,1408,0,3,33,1031,2752,11733,shared-prefix,5,12.00,0,32,0.6629,12,1207
prequal+gossip-100ms,4,10,0.700,14.0,1560,0,3,34,1031,2838,13000,shared-prefix,6,14.00,0,32,0.6407,12,1247
prequal+gossip-100ms,4,10,0.800,16.0,1832,0,3,35,1149,3381,15267,shared-prefix,7,16.00,0,32,0.6645,15,1441
prequal+gossip-1000ms,4,10,0.200,4.0,471,0,2,32,1001,1087,3925,shared-prefix,1,4.00,0,31,0.6672,11,1014
prequal+gossip-1000ms,4,10,0.300,6.0,705,0,2,32,1002,1604,5875,shared-prefix,2,6.00,0,31,0.6804,11,1043
prequal+gossip-1000ms,4,10,0.400,8.0,961,0,2,32,1029,2030,8008,shared-prefix,3,8.00,0,31,0.6472,12,1079
prequal+gossip-1000ms,4,10,0.500,10.0,1236,0,2,32,1030,1990,10300,shared-prefix,4,10.00,0,32,0.6725,11,1103
prequal+gossip-1000ms,4,10,0.600,12.0,1417,0,3,32,1031,2328,11808,shared-prefix,5,12.00,0,32,0.6580,12,1171
prequal+gossip-1000ms,4,10,0.700,14.0,1630,0,3,34,1031,2924,13583,shared-prefix,6,14.00,0,32,0.6529,13,1280
prequal+gossip-1000ms,4,10,0.800,16.0,1898,0,3,49,1125,3550,15817,shared-prefix,7,16.00,0,32,0.6520,17,1472
prequal+gossip-1000ms,4,10,0.200,4.0,483,0,2,32,1001,1089,4025,shared-prefix,1,4.00,0,31,0.6882,10,1015
prequal+gossip-1000ms,4,10,0.300,6.0,706,0,2,32,1002,1540,5883,shared-prefix,2,6.00,0,31,0.6891,10,1040
prequal+gossip-1000ms,4,10,0.400,8.0,996,0,2,32,1027,1998,8300,shared-prefix,3,8.00,0,31,0.6552,11,1078
prequal+gossip-1000ms,4,10,0.500,10.0,1218,0,2,32,1029,1966,10150,shared-prefix,4,10.00,0,31,0.6590,11,1089
prequal+gossip-1000ms,4,10,0.600,12.0,1444,0,3,33,1031,2795,12033,shared-prefix,5,12.00,0,32,0.6445,12,1209
prequal+gossip-1000ms,4,10,0.700,14.0,1722,0,3,34,1059,2866,14350,shared-prefix,6,14.00,0,32,0.6525,13,1317
prequal+gossip-1000ms,4,10,0.800,16.0,1881,0,3,55,1117,3630,15675,shared-prefix,7,16.00,0,32,0.6730,18,1499
prequal+gossip-1000ms,4,10,0.200,4.0,484,0,2,32,1001,1091,4033,shared-prefix,1,4.00,0,31,0.6871,10,1020
prequal+gossip-1000ms,4,10,0.300,6.0,682,0,2,32,1003,1912,5683,shared-prefix,2,6.00,0,31,0.6612,11,1061
prequal+gossip-1000ms,4,10,0.400,8.0,956,0,2,32,1002,1735,7967,shared-prefix,3,8.00,0,31,0.6939,10,1051
prequal+gossip-1000ms,4,10,0.500,10.0,1134,0,2,32,1029,2121,9450,shared-prefix,4,10.00,0,31,0.6667,11,1111
prequal+gossip-1000ms,4,10,0.600,12.0,1450,0,3,33,1031,2454,12083,shared-prefix,5,12.00,0,32,0.6609,12,1184
prequal+gossip-1000ms,4,10,0.700,14.0,1625,0,3,34,1032,2993,13542,shared-prefix,6,14.00,0,32,0.6456,13,1273
prequal+gossip-1000ms,4,10,0.800,16.0,1974,0,3,43,1207,3300,16450,shared-prefix,7,16.00,0,32,0.6637,16,1505
prequal+gossip-1000ms,4,10,0.200,4.0,475,0,2,32,1001,1764,3958,shared-prefix,1,4.00,0,30,0.7075,10,1038
prequal+gossip-1000ms,4,10,0.300,6.0,659,0,2,32,1002,1715,5492,shared-prefix,2,6.00,0,31,0.6632,11,1052
prequal+gossip-1000ms,4,10,0.400,8.0,985,0,2,32,1029,1989,8208,shared-prefix,3,8.00,0,32,0.6601,11,1080
prequal+gossip-1000ms,4,10,0.500,10.0,1205,0,2,32,1030,2630,10042,shared-prefix,4,10.00,0,32,0.6551,12,1148
prequal+gossip-1000ms,4,10,0.600,12.0,1482,0,3,33,1031,2686,12350,shared-prefix,5,12.00,0,32,0.6540,12,1218
prequal+gossip-1000ms,4,10,0.700,14.0,1733,0,3,34,1059,3111,14442,shared-prefix,6,14.00,0,32,0.6704,14,1337
prequal+gossip-1000ms,4,10,0.800,16.0,1994,0,3,79,1219,3649,16617,shared-prefix,7,16.00,0,32,0.6560,18,1550
prequal+gossip-1000ms,4,10,0.200,4.0,470,0,2,32,1001,1060,3917,shared-prefix,1,4.00,0,30,0.6912,10,1013
prequal+gossip-1000ms,4,10,0.300,6.0,696,0,2,32,1026,1555,5800,shared-prefix,2,6.00,0,31,0.6495,12,1045
prequal+gossip-1000ms,4,10,0.400,8.0,964,0,2,32,1006,1936,8033,shared-prefix,3,8.00,0,31,0.6728,11,1082
prequal+gossip-1000ms,4,10,0.500,10.0,1227,0,2,32,1029,1944,10225,shared-prefix,4,10.00,0,31,0.6749,11,1109
prequal+gossip-1000ms,4,10,0.600,12.0,1408,0,2,32,1031,2393,11733,shared-prefix,5,12.00,0,32,0.6601,12,1179
prequal+gossip-1000ms,4,10,0.700,14.0,1560,0,3,33,1031,2642,13000,shared-prefix,6,14.00,0,32,0.6429,12,1235
prequal+gossip-1000ms,4,10,0.800,16.0,1832,0,3,34,1061,3317,15267,shared-prefix,7,16.00,0,32,0.6579,15,1385
prequal+gossip-5000ms,4,10,0.200,4.0,471,0,2,32,1001,1061,3925,shared-prefix,1,4.00,0,30,0.6709,11,1013
prequal+gossip-5000ms,4,10,0.300,6.0,705,0,2,32,1002,1643,5875,shared-prefix,2,6.00,0,31,0.6817,11,1048
prequal+gossip-5000ms,4,10,0.400,8.0,961,0,2,32,1029,2136,8008,shared-prefix,3,8.00,0,31,0.6555,11,1079
prequal+gossip-5000ms,4,10,0.500,10.0,1236,0,2,33,1030,2178,10300,shared-prefix,4,10.00,0,32,0.6787,11,1118
prequal+gossip-5000ms,4,10,0.600,12.0,1417,0,3,33,1031,2397,11808,shared-prefix,5,12.00,0,32,0.6537,12,1187
prequal+gossip-5000ms,4,10,0.700,14.0,1630,0,3,34,1032,2961,13583,shared-prefix,6,14.00,0,32,0.6439,14,1244
prequal+gossip-5000ms,4,10,0.800,16.0,1898,0,3,45,1136,3508,15817,shared-prefix,7,16.00,0,32,0.6277,17,1412
prequal+gossip-5000ms,4,10,0.200,4.0,483,0,2,32,1001,1089,4025,shared-prefix,1,4.00,0,31,0.6843,10,1015
prequal+gossip-5000ms,4,10,0.300,6.0,706,0,2,32,1002,1434,5883,shared-prefix,2,6.00,0,31,0.6884,10,1029
prequal+gossip-5000ms,4,10,0.400,8.0,996,0,2,32,1023,2011,8300,shared-prefix,3,8.00,0,31,0.6611,11,1080
prequal+gossip-5000ms,4,10,0.500,10.0,1218,0,2,32,1030,2004,10150,shared-prefix,4,10.00,0,32,0.6507,12,1093
prequal+gossip-5000ms,4,10,0.600,12.0,1444,0,3,33,1031,2690,12033,shared-prefix,5,12.00,0,32,0.6435,12,1217
prequal+gossip-5000ms,4,10,0.700,14.0,1722,0,3,38,1049,3083,14350,shared-prefix,6,14.00,0,32,0.6173,16,1314
prequal+gossip-5000ms,4,10,0.800,16.0,1881,0,3,55,1061,3666,15675,shared-prefix,7,16.00,0,32,0.6392,18,1420
prequal+gossip-5000ms,4,10,0.200,4.0,484,0,2,32,1001,1091,4033,shared-prefix,1,4.00,0,31,0.6847,10,1021
prequal+gossip-5000ms,4,10,0.300,6.0,682,0,2,32,1017,1912,5683,shared-prefix,2,6.00,0,31,0.6528,11,1056
prequal+gossip-5000ms,4,10,0.400,8.0,956,0,2,32,1002,1759,7967,shared-prefix,3,8.00,0,31,0.6866,10,1057
prequal+gossip-5000ms,4,10,0.500,10.0,1134,0,2,32,1029,2038,9450,shared-prefix,4,10.00,0,31,0.6655,11,1093
prequal+gossip-5000ms,4,10,0.600,12.0,1450,0,3,32,1031,2751,12083,shared-prefix,5,12.00,0,32,0.6483,13,1173
prequal+gossip-5000ms,4,10,0.700,14.0,1625,0,3,34,1032,2991,13542,shared-prefix,6,14.00,0,32,0.6298,14,1273
prequal+gossip-5000ms,4,10,0.800,16.0,1974,0,3,35,1134,3332,16450,shared-prefix,7,16.00,0,32,0.6343,16,1429
prequal+gossip-5000ms,4,10,0.200,4.0,475,0,2,32,1001,1764,3958,shared-prefix,1,4.00,0,30,0.7069,10,1038
prequal+gossip-5000ms,4,10,0.300,6.0,659,0,2,32,1002,1780,5492,shared-prefix,2,6.00,0,31,0.6661,11,1054
prequal+gossip-5000ms,4,10,0.400,8.0,985,0,2,32,1029,2071,8208,shared-prefix,3,8.00,0,32,0.6473,12,1087
prequal+gossip-5000ms,4,10,0.500,10.0,1205,0,2,32,1030,2613,10042,shared-prefix,4,10.00,0,32,0.6449,12,1147
prequal+gossip-5000ms,4,10,0.600,12.0,1482,0,2,33,1031,2596,12350,shared-prefix,5,12.00,0,32,0.6527,12,1186
prequal+gossip-5000ms,4,10,0.700,14.0,1733,0,3,36,1032,2999,14442,shared-prefix,6,14.00,0,32,0.6446,13,1295
prequal+gossip-5000ms,4,10,0.800,16.0,1994,0,3,49,1159,3459,16617,shared-prefix,7,16.00,0,32,0.6212,17,1499
prequal+gossip-5000ms,4,10,0.200,4.0,470,0,2,32,1001,1060,3917,shared-prefix,1,4.00,0,30,0.6883,10,1013
prequal+gossip-5000ms,4,10,0.300,6.0,696,0,2,32,1024,1555,5800,shared-prefix,2,6.00,0,31,0.6470,12,1045
prequal+gossip-5000ms,4,10,0.400,8.0,964,0,2,32,1003,1936,8033,shared-prefix,3,8.00,0,31,0.6742,11,1073
prequal+gossip-5000ms,4,10,0.500,10.0,1227,0,2,32,1030,1968,10225,shared-prefix,4,10.00,0,32,0.6684,11,1108
prequal+gossip-5000ms,4,10,0.600,12.0,1408,0,2,32,1031,2321,11733,shared-prefix,5,12.00,0,32,0.6549,12,1158
prequal+gossip-5000ms,4,10,0.700,14.0,1560,0,3,33,1032,2713,13000,shared-prefix,6,14.00,0,32,0.6300,13,1255
prequal+gossip-5000ms,4,10,0.800,16.0,1832,0,3,34,1060,3065,15267,shared-prefix,7,16.00,0,32,0.6412,14,1367
prequal+gossip-100ms-loss-0.2,4,10,0.200,4.0,471,0,2,32,1001,1061,3925,shared-prefix,1,4.00,0,31,0.6683,11,1013
prequal+gossip-100ms-loss-0.2,4,10,0.300,6.0,705,0,2,32,1002,1604,5875,shared-prefix,2,6.00,0,31,0.6740,11,1042
prequal+gossip-100ms-loss-0.2,4,10,0.400,8.0,961,0,2,32,1029,2049,8008,shared-prefix,3,8.00,0,31,0.6555,11,1072
prequal+gossip-100ms-loss-0.2,4,10,0.500,10.0,1236,0,2,33,1029,1991,10300,shared-prefix,4,10.00,0,31,0.6753,11,1111
prequal+gossip-100ms-loss-0.2,4,10,0.600,12.0,1417,0,3,33,1031,2452,11808,shared-prefix,5,12.00,0,32,0.6454,12,1176
prequal+gossip-100ms-loss-0.2,4,10,0.700,14.0,1630,0,3,34,1032,2631,13583,shared-prefix,6,14.00,0,32,0.6451,13,1212
prequal+gossip-100ms-loss-0.2,4,10,0.800,16.0,1898,0,3,42,1135,3583,15817,shared-prefix,7,16.00,0,32,0.6414,19,1457
prequal+gossip-100ms-loss-0.2,4,10,0.200,4.0,483,0,2,32,1001,1089,4025,shared-prefix,1,4.00,0,31,0.6881,10,1014
prequal+gossip-100ms-loss-0.2,4,10,0.300,6.0,706,0,2,32,1002,1833,5883,shared-prefix,2,6.00,0,31,0.6875,10,1055
prequal+gossip-100ms-loss-0.2,4,10,0.400,8.0,996,0,2,32,1029,1994,8300,shared-prefix,3,8.00,0,31,0.6581,11,1084
prequal+gossip-100ms-loss-0.2,4,10,0.500,10.0,1218,0,2,32,1029,1949,10150,shared-prefix,4,10.00,0,31,0.6586,12,1098
prequal+gossip-100ms-loss-0.2,4,10,0.600,12.0,1444,0,3,33,1031,2668,12033,shared-prefix,5,12.00,0,32,0.6415,12,1213
prequal+gossip-100ms-loss-0.2,4,10,0.700,14.0,1722,0,3,35,1060,3130,14350,shared-prefix,6,14.00,0,32,0.6335,14,1364
prequal+gossip-100ms-loss-0.2,4,10,0.800,16.0,1881,0,3,45,1090,3434,15675,shared-prefix,7,16.00,0,32,0.6536,16,1496
prequal+gossip-100ms-loss-0.2,4,10,0.200,4.0,484,0,2,32,1001,1345,4033,shared-prefix,1,4.00,0,31,0.6901,10,1024
prequal+gossip-100ms-loss-0.2,4,10,0.300,6.0,682,0,2,32,1014,1916,5683,shared-prefix,2,6.00,0,31,0.6584,11,1059
prequal+gossip-100ms-loss-0.2,4,10,0.400,8.0,956,0,2,32,1017,2177,7967,shared-prefix,3,8.00,0,31,0.6814,11,1075
prequal+gossip-100ms-loss-0.2,4,10,0.500,10.0,1134,0,2,32,1030,2612,9450,shared-prefix,4,10.00,0,31,0.6630,11,1130
prequal+gossip-100ms-loss-0.2,4,10,0.600,12.0,1450,0,3,32,1031,2446,12083,shared-prefix,5,12.00,0,32,0.6486,12,1188
prequal+gossip-100ms-loss-0.2,4,10,0.700,14.0,1625,0,3,34,1048,2749,13542,shared-prefix,6,14.00,0,32,0.6380,12,1301
prequal+gossip-100ms-loss-0.2,4,10,0.800,16.0,1974,0,3,52,1190,3481,16450,shared-prefix,7,16.00,0,32,0.6462,19,1502
prequal+gossip-100ms-loss-0.2,4,10,0.200,4.0,475,0,2,32,1001,1766,3958,shared-prefix,1,4.00,0,30,0.7055,10,1038
prequal+gossip-100ms-loss-0.2,4,10,0.300,6.0,659,0,2,32,1003,1780,5492,shared-prefix,2,6.00,0,31,0.6602,11,1064
prequal+gossip-100ms-loss-0.2,4,10,0.400,8.0,985,0,2,32,1029,2211,8208,shared-prefix,3,8.00,0,32,0.6574,11,1086
prequal+gossip-100ms-loss-0.2,4,10,0.500,10.0,1205,0,2,32,1030,2603,10042,shared-prefix,4,10.00,0,32,0.6514,12,1142
prequal+gossip-100ms-loss-0.2,4,10,0.600,12.0,1482,0,3,32,1031,2518,12350,shared-prefix,5,12.00,0,32,0.6444,12,1203
prequal+gossip-100ms-loss-0.2,4,10,0.700,14.0,1733,0,3,34,1032,2951,14442,shared-prefix,6,14.00,0,32,0.6663,13,1302
prequal+gossip-100ms-loss-0.2,4,10,0.800,16.0,1994,0,4,259,1243,3629,16617,shared-prefix,7,16.00,0,32,0.6323,22,1593
prequal+gossip-100ms-loss-0.2,4,10,0.200,4.0,470,0,2,32,1001,1061,3917,shared-prefix,1,4.00,0,30,0.6905,10,1013
prequal+gossip-100ms-loss-0.2,4,10,0.300,6.0,696,0,2,32,1006,1550,5800,shared-prefix,2,6.00,0,31,0.6474,12,1037
prequal+gossip-100ms-loss-0.2,4,10,0.400,8.0,964,0,2,32,1018,1953,8033,shared-prefix,3,8.00,0,31,0.6695,11,1080
prequal+gossip-100ms-loss-0.2,4,10,0.500,10.0,1227,0,2,32,1030,1999,10225,shared-prefix,4,10.00,0,32,0.6702,11,1121
prequal+gossip-100ms-loss-0.2,4,10,0.600,12.0,1408,0,2,32,1031,2393,11733,shared-prefix,5,12.00,0,32,0.6548,12,1161
prequal+gossip-100ms-loss-0.2,4,10,0.700,14.0,1560,0,3,33,1031,2555,13000,shared-prefix,6,14.00,0,32,0.6317,13,1224
prequal+gossip-100ms-loss-0.2,4,10,0.800,16.0,1832,0,3,34,1061,3106,15267,shared-prefix,7,16.00,0,32,0.6430,14,1368
prequal+gossip-100ms-loss-0.5,4,10,0.200,4.0,471,0,2,32,1001,1061,3925,shared-prefix,1,4.00,0,31,0.6631,11,1014
prequal+gossip-100ms-loss-0.5,4,10,0.300,6.0,705,0,2,32,1002,1604,5875,shared-prefix,2,6.00,0,31,0.6707,11,1038
prequal+gossip-100ms-loss-0.5,4,10,0.400,8.0,961,0,2,32,1029,2219,8008,shared-prefix,3,8.00,0,31,0.6369,12,1076
prequal+gossip-100ms-loss-0.5,4,10,0.500,10.0,1236,0,2,34,1030,2060,10300,shared-prefix,4,10.00,0,32,0.6451,12,1121
prequal+gossip-100ms-loss-0.5,4,10,0.600,12.0,1417,0,3,34,1031,2620,11808,shared-prefix,5,12.00,0,32,0.6218,13,1196
prequal+gossip-100ms-loss-0.5,4,10,0.700,14.0,1630,0,3,33,1032,2995,13583,shared-prefix,6,14.00,0,32,0.6237,13,1234
prequal+gossip-100ms-loss-0.5,4,10,0.800,16.0,1898,0,3,132,1132,3787,15817,shared-prefix,7,16.00,0,32,0.6175,21,1486
prequal+gossip-100ms-loss-0.5,4,10,0.200,4.0,483,0,2,32,1001,1320,4025,shared-prefix,1,4.00,0,31,0.6804,10,1021
prequal+gossip-100ms-loss-0.5,4,10,0.300,6.0,706,0,2,32,1002,1727,5883,shared-prefix,2,6.00,0,31,0.6831,10,1042
prequal+gossip-100ms-loss-0.5,4,10,0.400,8.0,996,0,2,32,1029,1938,8300,shared-prefix,3,8.00,0,32,0.6500,12,1078
prequal+gossip-100ms-loss-0.5,4,10,0.500,10.0,1218,0,2,32,1030,2024,10150,shared-prefix,4,10.00,0,32,0.6508,12,1111
prequal+gossip-100ms-loss-0.5,4,10,0.600,12.0,1444,0,3,33,1031,2520,12033,shared-prefix,5,12.00,0,32,0.6300,13,1193
prequal+gossip-100ms-loss-0.5,4,10,0.700,14.0,1722,0,3,37,1061,3252,14350,shared-prefix,6,14.00,0,32,0.6041,14,1375
prequal+gossip-100ms-loss-0.5,4,10,0.800,16.0,1881,0,3,39,1195,3368,15675,shared-prefix,7,16.00,0,32,0.6399,16,1520
prequal+gossip-100ms-loss-0.5,4,10,0.200,4.0,484,0,2,32,1001,1091,4033,shared-prefix,1,4.00,0,31,0.6893,10,1021
prequal+gossip-100ms-loss-0.5,4,10,0.300,6.0,682,0,2,32,1002,1743,5683,shared-prefix,2,6.00,0,31,0.6506,11,1053
prequal+gossip-100ms-loss-0.5,4,10,0.400,8.0,956,0,2,32,1018,1887,7967,shared-prefix,3,8.00,0,31,0.6762,11,1071
prequal+gossip-100ms-loss-0.5,4,10,0.500,10.0,1134,0,2,32,1030,2327,9450,shared-prefix,4,10.00,0,31,0.6387,12,1120
prequal+gossip-100ms-loss-0.5,4,10,0.600,12.0,1450,0,3,32,1031,2538,12083,shared-prefix,5,12.00,0,32,0.6302,13,1221
prequal+gossip-100ms-loss-0.5,4,10,0.700,14.0,1625,0,3,35,1059,3038,13542,shared-prefix,6,14.00,0,32,0.6050,14,1330
prequal+gossip-100ms-loss-0.5,4,10,0.800,16.0,1974,0,3,56,1211,3457,16450,shared-prefix,7,16.00,0,32,0.6289,18,1520
prequal+gossip-100ms-loss-0.5,4,10,0.200,4.0,475,0,2,32,1002,1766,3958,shared-prefix,1,4.00,0,30,0.6932,10,1037
prequal+gossip-100ms-loss-0.5,4,10,0.300,6.0,659,0,2,32,1003,1795,5492,shared-prefix,2,6.00,0,31,0.6539,11,1064
prequal+gossip-100ms-loss-0.5,4,10,0.400,8.0,985,0,2,32,1029,2209,8208,shared-prefix,3,8.00,0,32,0.6304,12,1089
prequal+gossip-100ms-loss-0.5,4,10,0.500,10.0,1205,0,2,33,1030,2528,10042,shared-prefix,4,10.00,0,32,0.6337,12,1149
prequal+gossip-100ms-loss-0.5,4,10,0.600,12.0,1482,0,3,33,1031,2694,12350,shared-prefix,5,12.00,0,32,0.6358,12,1210
prequal+gossip-100ms-loss-0.5,4,10,0.700,14.0,1733,0,3,34,1037,3136,14442,shared-prefix,6,14.00,0,32,0.6505,14,1332
prequal+gossip-100ms-loss-0.5,4,10,0.800,16.0,1994,0,4,81,1235,3654,16617,shared-prefix,7,16.00,0,32,0.6142,20,1530
prequal+gossip-100ms-loss-0.5,4,10,0.200,4.0,470,0,2,32,1001,1061,3917,shared-prefix,1,4.00,0,30,0.6891,10,1013
prequal+gossip-100ms-loss-0.5,4,10,0.300,6.0,696,0,2,32,1019,1526,5800,shared-prefix,2,6.00,0,31,0.6479,12,1033
prequal+gossip-100ms-loss-0.5,4,10,0.400,8.0,964,0,2,32,1020,2053,8033,shared-prefix,3,8.00,0,31,0.6636,11,1073
prequal+gossip-100ms-loss-0.5,4,10,0.500,10.0,1227,0,2,32,1030,2087,10225,shared-prefix,4,10.00,0,32,0.6640,11,1109
prequal+gossip-100ms-loss-0.5,4,10,0.600,12.0,1408,0,2,32,1030,2328,11733,shared-prefix,5,12.00,0,32,0.6445,12,1159
prequal+gossip-100ms-loss-0.5,4,10,0.700,14.0,1560,0,3,33,1032,2666,13000,shared-prefix,6,14.00,0,32,0.6166,13,1238
prequal+gossip-100ms-loss-0.5,4,10,0.800,16.0,1832,0,3,35,1116,3355,15267,shared-prefix,7,16.00,0,32,0.6341,16,1436
